Recipe ID,Title,Ingredients,Instructions
715415,Red Lentil Soup with Chicken and Turnips,,N/A
716406,Asparagus and Pea Soup: Real Convenience Food,,N/A
644387,Garlicky Kale,,N/A
715446,Slow Cooker Beef Stew,,N/A
782601,Red Kidney Bean Jambalaya,,N/A
716426,"Cauliflower, Brown Rice, and Vegetable Fried Rice",,N/A
716004,Quinoa and Chickpea Salad with Sun-Dried Tomatoes and Dried Cherries,,N/A
716627,Easy Homemade Rice and Beans,,N/A
664147,Tuscan White Bean Soup with Olive Oil and Rosemary,,N/A
640941,Crunchy Brussels Sprouts Side Dish,,N/A
